airport_name,passengers_2019,passengers_2025,change_percent
ADELAIDE,8516171,8636665,1.41
ALBANY,62241,65989,6.02
ALBURY,252501,223358,-11.54
ALICE SPRINGS,554544,355206,-35.95
ARMIDALE,132521,103554,-21.86
AURUKUN,14556,15341,5.39
AYERS ROCK,489588,352580,-27.98
BALLINA,533279,578803,8.54
BAMAGA,20831,22352,7.3
BATHURST ISLAND,15167,16319,7.6
BENDIGO,18822,29712,57.86
BRISBANE,24005677,24513634,2.12
BROKEN HILL,60962,61024,0.1
BROOME,403800,461769,14.36
BUNDABERG,153671,139773,-9.04
BURNIE,72472,77719,7.24
CAIRNS,4778181,4718501,-1.25
CANBERRA,3238112,2793622,-13.73
CARNARVON,22299,25823,15.8
CEDUNA,27044,19061,-29.52
CHARLEVILLE,16527,13351,-19.22
CHRISTMAS ISLAND,18469,19214,4.03
CLONCURRY,23788,26773,12.55
COBAR,731,8566,1071.82
COCOS ISLAND,14673,14731,0.4
COFFS HARBOUR,395471,261945,-33.76
COOKTOWN,14263,20164,41.37
DARWIN,1983490,1941359,-2.12
DEVONPORT,148332,148650,0.21
DOOMADGEE,6935,8344,20.32
DUBBO,198461,192221,-3.14
EDWARD RIVER,8915,8714,-2.25
ELCHO ISLAND,8137,9586,17.81
EMERALD,201523,189805,-5.81
ESPERANCE,51336,56256,9.58
ESSENDON FIELDS,43424,11680,-73.1
FLINDERS ISLAND,22068,19093,-13.48
GERALDTON,106693,129372,21.26
GLADSTONE,247835,218206,-11.96
GOLD COAST,6484603,6214647,-4.16
GOVE,58098,68997,18.76
GRIFFITH,76715,73892,-3.68
GROOTE EYLANDT,26460,49662,87.69
HAMILTON ISLAND,452546,494624,9.3
HERVEY BAY,166839,218834,31.16
HOBART,2781739,2884967,3.71
KALGOORLIE,289736,397089,37.05
KARRATHA,467898,696499,48.86
KING ISLAND,45936,42950,-6.5
KINGSCOTE,43043,33443,-22.3
KOWANYAMA,12835,12991,1.22
KUNUNURRA,79930,103338,29.29
LAUNCESTON,1395304,1464486,4.96
LEARMONTH,84685,110498,30.48
LOCKHART RIVER,13120,16430,25.23
LONGREACH,33968,40904,20.42
LORD HOWE ISLAND,33480,30623,-8.53
MACKAY,840650,934566,11.17
MANINGRIDA,12621,14446,14.46
MCARTHUR RIVER,32807,39439,20.22
MELBOURNE,37134291,36694074,-1.19
MERIMBULA,60276,61866,2.64
MILDURA,241056,187595,-22.18
MILINGIMBI,4066,7195,76.96
MOORABBIN,9108,7096,-22.09
MORANBAH,109824,100435,-8.55
MOREE,31522,34334,8.92
MORNINGTON ISLAND,11620,12182,4.84
MORUYA,21619,19042,-11.92
MOUNT GAMBIER,85330,72895,-14.57
MOUNT ISA,220345,232393,5.47
NARRABRI,7439,8000,7.54
NEWCASTLE,1278058,1224679,-4.18
NEWMAN,348641,443922,27.33
NORFOLK ISLAND,61504,71045,15.51
OLYMPIC DAM,75852,103265,36.14
ORANGE,82372,102639,24.6
PALM ISLAND,28818,27305,-5.25
PARABURDOO,190856,249699,30.83
PARKES,35952,17234,-52.06
PERTH,12513516,14619200,16.83
PORT HEDLAND,396064,492292,24.3
PORT LINCOLN,172234,167322,-2.85
PORT MACQUARIE,218504,192863,-11.73
PROSERPINE,433414,549694,26.83
ROCKHAMPTON,571543,642777,12.46
ROMA,86207,54804,-36.43
SUNSHINE COAST,1283036,1728391,34.71
SYDNEY,44428845,42566527,-4.19
TAMWORTH,188914,159014,-15.83
THURSDAY ISLAND,96996,116962,20.58
TOOWOOMBA WELLCAMP,110357,33968,-69.22
TOWNSVILLE,1607274,1646644,2.45
WAGGA WAGGA,207417,221069,6.58
WEIPA,72181,99840,38.32
WHYALLA,78787,45755,-41.93
WOLLONGONG,22348,16003,-28.39
