airport_name,airport_code,ga_terminal_name,state,longitude,latitude,terminal_count,match_status,year,rank,domestic_inbound,domestic_outbound,domestic_passengers,international_inbound,international_outbound,international_passengers,total_inbound,total_outbound,total_passengers,domestic_aircraft_movements,international_aircraft_movements,total_aircraft_movements,passengers_per_aircraft_movement,international_share
ADELAIDE,ADL,Adelaide,South Australia,138.537544,-34.938622,1,normalised_exact,2015,5,3402848,3396933,6799781,438120,433268,871388,3840968,3830201,7671169,74114,4292,78406,97.84,0.11359
ADELAIDE,ADL,Adelaide,South Australia,138.537544,-34.938622,1,normalised_exact,2016,5,3502850,3493144,6995994,460538,463641,924179,3963388,3956785,7920173,74378,4658,79036,100.21,0.11669
ADELAIDE,ADL,Adelaide,South Australia,138.537544,-34.938622,1,normalised_exact,2017,5,3577907,3571052,7148959,484696,478279,962975,4062603,4049331,8111934,73252,4766,78018,103.98,0.11871
ADELAIDE,ADL,Adelaide,South Australia,138.537544,-34.938622,1,normalised_exact,2018,5,3662255,3658087,7320342,515561,510400,1025961,4177816,4168487,8346303,73122,4975,78097,106.87,0.12292
ADELAIDE,ADL,Adelaide,South Australia,138.537544,-34.938622,1,normalised_exact,2019,5,3692959,3694620,7387579,569488,559104,1128592,4262447,4253724,8516171,73766,5433,79199,107.53,0.13252
ADELAIDE,ADL,Adelaide,South Australia,138.537544,-34.938622,1,normalised_exact,2020,5,1174590,1177819,2352409,135001,105958,240959,1309591,1283777,2593368,31600,1568,33168,78.19,0.09291
ADELAIDE,ADL,Adelaide,South Australia,138.537544,-34.938622,1,normalised_exact,2021,5,1510627,1517980,3028607,22140,13548,35688,1532767,1531528,3064295,42814,977,43791,69.98,0.01165
ADELAIDE,ADL,Adelaide,South Australia,138.537544,-34.938622,1,normalised_exact,2022,5,3015324,2991535,6006859,202603,207374,409977,3217927,3198909,6416836,62238,2769,65007,98.71,0.06389
ADELAIDE,ADL,Adelaide,South Australia,138.537544,-34.938622,1,normalised_exact,2023,5,3561187,3555185,7116372,449165,431949,881114,4010352,3987134,7997486,70796,5543,76339,104.76,0.11017
ADELAIDE,ADL,Adelaide,South Australia,138.537544,-34.938622,1,normalised_exact,2024,5,3694044,3693149,7387193,490963,473480,964443,4185007,4166629,8351636,70442,5194,75636,110.42,0.11548
ADELAIDE,ADL,Adelaide,South Australia,138.537544,-34.938622,1,normalised_exact,2025,5,3744869,3736347,7481216,581542,573907,1155449,4326411,4310254,8636665,68736,6180,74916,115.28,0.13378
BRISBANE,BNE,Brisbane,Queensland,153.115012,-27.394336,2,normalised_exact,2015,3,8399287,8387687,16786974,2622941,2615581,5238522,11022228,11003268,22025496,165276,29133,194409,113.29,0.23784
BRISBANE,BNE,Brisbane,Queensland,153.115012,-27.394336,2,normalised_exact,2016,3,8538676,8517176,17055852,2729101,2720643,5449744,11267777,11237819,22505596,161485,30304,191789,117.35,0.24215
BRISBANE,BNE,Brisbane,Queensland,153.115012,-27.394336,2,normalised_exact,2017,3,8615737,8604189,17219926,2865078,2864263,5729341,11480815,11468452,22949267,159094,32398,191492,119.84,0.24965
BRISBANE,BNE,Brisbane,Queensland,153.115012,-27.394336,2,normalised_exact,2018,3,8692044,8662485,17354529,3059077,3053157,6112234,11751121,11715642,23466763,155700,34469,190169,123.4,0.26046
BRISBANE,BNE,Brisbane,Queensland,153.115012,-27.394336,2,normalised_exact,2019,3,8806368,8773745,17580113,3214354,3211210,6425564,12020722,11984955,24005677,159933,35236,195169,123.0,0.26767
BRISBANE,BNE,Brisbane,Queensland,153.115012,-27.394336,2,normalised_exact,2020,3,3191396,3195476,6386872,728899,659392,1388291,3920295,3854868,7775163,73981,10887,84868,91.61,0.17855
BRISBANE,BNE,Brisbane,Queensland,153.115012,-27.394336,2,normalised_exact,2021,2,3828528,3816973,7645501,118769,129230,247999,3947297,3946203,7893500,93282,6619,99901,79.01,0.03142
BRISBANE,BNE,Brisbane,Queensland,153.115012,-27.394336,2,normalised_exact,2022,3,7181549,7179435,14360984,1266881,1262456,2529337,8448430,8441891,16890321,136873,14188,151061,111.81,0.14975
BRISBANE,BNE,Brisbane,Queensland,153.115012,-27.394336,2,normalised_exact,2023,3,8182068,8143036,16325104,2421751,2423717,4845468,10603819,10566753,21170572,157844,24825,182669,115.9,0.22888
BRISBANE,BNE,Brisbane,Queensland,153.115012,-27.394336,2,normalised_exact,2024,3,8552336,8535481,17087817,3073552,3072986,6146538,11625888,11608467,23234355,158862,31079,189941,122.32,0.26455
BRISBANE,BNE,Brisbane,Queensland,153.115012,-27.394336,2,normalised_exact,2025,3,8791243,8768420,17559663,3473801,3480170,6953971,12265044,12248590,24513634,159600,34872,194472,126.05,0.28368
CAIRNS,CNS,Cairns International,Queensland,145.754583,-16.874833,2,normalised_exact,2015,7,1983585,1991724,3975309,271115,274618,545733,2254700,2266342,4521042,40491,5588,46079,98.12,0.12071
CAIRNS,CNS,Cairns International,Queensland,145.754583,-16.874833,2,normalised_exact,2016,7,2102385,2105836,4208221,313574,328719,642293,2415959,2434555,4850514,42849,6469,49318,98.35,0.13242
CAIRNS,CNS,Cairns International,Queensland,145.754583,-16.874833,2,normalised_exact,2017,7,2134527,2143784,4278311,320120,342053,662173,2454647,2485837,4940484,42661,5762,48423,102.03,0.13403
CAIRNS,CNS,Cairns International,Queensland,145.754583,-16.874833,2,normalised_exact,2018,7,2129089,2154158,4283247,330491,332060,662551,2459580,2486218,4945798,41977,4885,46862,105.54,0.13396
CAIRNS,CNS,Cairns International,Queensland,145.754583,-16.874833,2,normalised_exact,2019,7,2046740,2079617,4126357,332245,319579,651824,2378985,2399196,4778181,40790,4891,45681,104.6,0.13642
CAIRNS,CNS,Cairns International,Queensland,145.754583,-16.874833,2,normalised_exact,2020,7,783840,803090,1586930,64826,54395,119221,848666,857485,1706151,21420,1176,22596,75.51,0.06988
CAIRNS,CNS,Cairns International,Queensland,145.754583,-16.874833,2,normalised_exact,2021,6,1154555,1152943,2307498,1339,1151,2490,1155894,1154094,2309988,30496,389,30885,74.79,0.00108
CAIRNS,CNS,Cairns International,Queensland,145.754583,-16.874833,2,normalised_exact,2022,7,1835415,1837197,3672612,66461,68801,135262,1901876,1905998,3807874,37127,1866,38993,97.66,0.03552
CAIRNS,CNS,Cairns International,Queensland,145.754583,-16.874833,2,normalised_exact,2023,7,1965488,1986440,3951928,257853,248940,506793,2223341,2235380,4458721,39025,3257,42282,105.45,0.11366
CAIRNS,CNS,Cairns International,Queensland,145.754583,-16.874833,2,normalised_exact,2024,7,2028441,2041582,4070023,313814,312100,625914,2342255,2353682,4695937,41608,3977,45585,103.01,0.13329
CAIRNS,CNS,Cairns International,Queensland,145.754583,-16.874833,2,normalised_exact,2025,7,2013315,2021286,4034601,341048,342852,683900,2354363,2364138,4718501,42414,4652,47066,100.25,0.14494
CANBERRA,CNB,Canberra,Australian Capital Territory,149.191085,-35.307482,1,normalised_exact,2015,8,1406816,1398490,2805306,0,0,0,1406816,1398490,2805306,38376,0,38376,73.1,0.0
CANBERRA,CNB,Canberra,Australian Capital Territory,149.191085,-35.307482,1,normalised_exact,2016,8,1444730,1441063,2885793,11378,12393,23771,1456108,1453456,2909564,38287,236,38523,75.53,0.00817
CANBERRA,CNB,Canberra,Australian Capital Territory,149.191085,-35.307482,1,normalised_exact,2017,8,1511399,1509941,3021340,43864,40571,84435,1555263,1550512,3105775,38525,834,39359,78.91,0.02719
CANBERRA,CNB,Canberra,Australian Capital Territory,149.191085,-35.307482,1,normalised_exact,2018,8,1579508,1573635,3153143,45032,49890,94922,1624540,1623525,3248065,38610,1400,40010,81.18,0.02922
CANBERRA,CNB,Canberra,Australian Capital Territory,149.191085,-35.307482,1,normalised_exact,2019,8,1579818,1573225,3153043,37730,47339,85069,1617548,1620564,3238112,38624,1457,40081,80.79,0.02627
CANBERRA,CNB,Canberra,Australian Capital Territory,149.191085,-35.307482,1,normalised_exact,2020,8,450122,445857,895979,6471,6540,13011,456593,452397,908990,13081,328,13409,67.79,0.01431
CANBERRA,CNB,Canberra,Australian Capital Territory,149.191085,-35.307482,1,normalised_exact,2022,8,1217655,1219952,2437607,0,0,0,1217655,1219952,2437607,35910,0,35910,67.88,0.0
CANBERRA,CNB,Canberra,Australian Capital Territory,149.191085,-35.307482,1,normalised_exact,2023,8,1381935,1375415,2757350,5950,6130,12080,1387885,1381545,2769430,40041,124,40165,68.95,0.00436
CANBERRA,CNB,Canberra,Australian Capital Territory,149.191085,-35.307482,1,normalised_exact,2024,8,1398968,1396861,2795829,18121,19169,37290,1417089,1416030,2833119,37313,381,37694,75.16,0.01316
CANBERRA,CNB,Canberra,Australian Capital Territory,149.191085,-35.307482,1,normalised_exact,2025,9,1382603,1380171,2762774,15461,15387,30848,1398064,1395558,2793622,36662,305,36967,75.57,0.01104
DARWIN,DRW,Darwin International,Northern Territory,130.877402,-12.408088,1,normalised_exact,2015,10,895968,903291,1799259,132904,129883,262787,1028872,1033174,2062046,24850,2763,27613,74.68,0.12744
DARWIN,DRW,Darwin International,Northern Territory,130.877402,-12.408088,1,normalised_exact,2016,10,911699,916005,1827704,134483,137586,272069,1046182,1053591,2099773,25421,2980,28401,73.93,0.12957
DARWIN,DRW,Darwin International,Northern Territory,130.877402,-12.408088,1,normalised_exact,2017,10,913871,915680,1829551,137986,136871,274857,1051857,1052551,2104408,24814,2868,27682,76.02,0.13061
DARWIN,DRW,Darwin International,Northern Territory,130.877402,-12.408088,1,normalised_exact,2018,10,882792,892449,1775241,115031,113560,228591,997823,1006009,2003832,24020,1914,25934,77.27,0.11408
DARWIN,DRW,Darwin International,Northern Territory,130.877402,-12.408088,1,normalised_exact,2019,10,860297,867163,1727460,128599,127431,256030,988896,994594,1983490,23239,2109,25348,78.25,0.12908
DARWIN,DRW,Darwin International,Northern Territory,130.877402,-12.408088,1,normalised_exact,2021,9,522225,550119,1072344,1890,860,2750,524115,550979,1075094,20211,1320,21531,49.93,0.00256
DARWIN,DRW,Darwin International,Northern Territory,130.877402,-12.408088,1,normalised_exact,2022,10,765537,779823,1545360,63791,63978,127769,829328,843801,1673129,20821,3151,23972,69.8,0.07637
DARWIN,DRW,Darwin International,Northern Territory,130.877402,-12.408088,1,normalised_exact,2024,10,800361,806208,1606569,105933,105307,211240,906294,911515,1817809,23477,1885,25362,71.67,0.11621
DARWIN,DRW,Darwin International,Northern Territory,130.877402,-12.408088,1,normalised_exact,2025,10,829136,830706,1659842,138876,142641,281517,968012,973347,1941359,24004,2684,26688,72.74,0.14501
GOLD COAST,OOL,Gold Coast,Queensland,153.512467,-28.166038,1,normalised_exact,2015,6,2534979,2546412,5081391,478806,464161,942967,3013785,3010573,6024358,34694,5144,39838,151.22,0.15653
GOLD COAST,OOL,Gold Coast,Queensland,153.512467,-28.166038,1,normalised_exact,2016,6,2644966,2672791,5317757,562700,530858,1093558,3207666,3203649,6411315,35975,6501,42476,150.94,0.17057
GOLD COAST,OOL,Gold Coast,Queensland,153.512467,-28.166038,1,normalised_exact,2017,6,2692636,2706349,5398985,555640,524458,1080098,3248276,3230807,6479083,35619,6661,42280,153.24,0.16671
GOLD COAST,OOL,Gold Coast,Queensland,153.512467,-28.166038,1,normalised_exact,2018,6,2724535,2736649,5461184,519417,505781,1025198,3243952,3242430,6486382,35271,6180,41451,156.48,0.15805
GOLD COAST,OOL,Gold Coast,Queensland,153.512467,-28.166038,1,normalised_exact,2019,6,2766244,2777364,5543608,476535,464460,940995,3242779,3241824,6484603,35464,5049,40513,160.06,0.14511
GOLD COAST,OOL,Gold Coast,Queensland,153.512467,-28.166038,1,normalised_exact,2020,6,751188,763284,1514472,109436,98308,207744,860624,861592,1722216,10712,1213,11925,144.42,0.12063
GOLD COAST,OOL,Gold Coast,Queensland,153.512467,-28.166038,1,normalised_exact,2021,7,1021762,1017050,2038812,21660,22584,44244,1043422,1039634,2083056,17402,451,17853,116.68,0.02124
GOLD COAST,OOL,Gold Coast,Queensland,153.512467,-28.166038,1,normalised_exact,2022,6,2655952,2661543,5317495,197126,194066,391192,2853078,2855609,5708687,36133,2184,38317,148.99,0.06853
GOLD COAST,OOL,Gold Coast,Queensland,153.512467,-28.166038,1,normalised_exact,2023,6,2721684,2717862,5439546,401705,388919,790624,3123389,3106781,6230170,34980,4432,39412,158.08,0.1269
GOLD COAST,OOL,Gold Coast,Queensland,153.512467,-28.166038,1,normalised_exact,2024,6,2788358,2789524,5577882,318169,310165,628334,3106527,3099689,6206216,35127,3860,38987,159.19,0.10124
GOLD COAST,OOL,Gold Coast,Queensland,153.512467,-28.166038,1,normalised_exact,2025,6,2755527,2744357,5499884,360653,354110,714763,3116180,3098467,6214647,34609,4357,38966,159.49,0.11501
HOBART,HBA,Hobart - Terminal 2,Tasmania,147.505126,-42.836777,2,normalised_exact,2015,9,1115464,1122968,2238432,0,0,0,1115464,1122968,2238432,17556,0,17556,127.5,0.0
HOBART,HBA,Hobart - Terminal 2,Tasmania,147.505126,-42.836777,2,normalised_exact,2016,9,1181569,1196568,2378137,0,0,0,1181569,1196568,2378137,18761,0,18761,126.76,0.0
HOBART,HBA,Hobart - Terminal 2,Tasmania,147.505126,-42.836777,2,normalised_exact,2017,9,1252149,1258194,2510343,0,0,0,1252149,1258194,2510343,18947,0,18947,132.49,0.0
HOBART,HBA,Hobart - Terminal 2,Tasmania,147.505126,-42.836777,2,normalised_exact,2018,9,1337761,1338867,2676628,0,0,0,1337761,1338867,2676628,19477,0,19477,137.43,0.0
HOBART,HBA,Hobart - Terminal 2,Tasmania,147.505126,-42.836777,2,normalised_exact,2019,9,1389111,1392628,2781739,0,0,0,1389111,1392628,2781739,20268,0,20268,137.25,0.0
HOBART,HBA,Hobart - Terminal 2,Tasmania,147.505126,-42.836777,2,normalised_exact,2020,9,434999,444664,879663,0,0,0,434999,444664,879663,8111,10,8121,108.32,0.0
HOBART,HBA,Hobart - Terminal 2,Tasmania,147.505126,-42.836777,2,normalised_exact,2021,8,629588,631701,1261289,2147,2333,4480,631735,634034,1265769,13763,98,13861,91.32,0.00354
HOBART,HBA,Hobart - Terminal 2,Tasmania,147.505126,-42.836777,2,normalised_exact,2022,9,1142385,1146626,2289011,7263,7264,14527,1149648,1153890,2303538,20053,117,20170,114.21,0.00631
HOBART,HBA,Hobart - Terminal 2,Tasmania,147.505126,-42.836777,2,normalised_exact,2023,9,1289680,1289834,2579514,15905,16010,31915,1305585,1305844,2611429,20569,244,20813,125.47,0.01222
HOBART,HBA,Hobart - Terminal 2,Tasmania,147.505126,-42.836777,2,normalised_exact,2024,9,1366522,1362764,2729286,10025,10267,20292,1376547,1373031,2749578,20579,134,20713,132.75,0.00738
HOBART,HBA,Hobart - Terminal 2,Tasmania,147.505126,-42.836777,2,normalised_exact,2025,8,1435014,1430373,2865387,9706,9874,19580,1444720,1440247,2884967,20094,124,20218,142.69,0.00679
MELBOURNE,MEL,Melbourne - Terminals 1 2 and 3,Victoria,144.849892,-37.670539,2,normalised_exact,2015,2,11989261,11941636,23930897,4458023,4401293,8859316,16447284,16342929,32790213,190123,42313,232436,141.07,0.27018
MELBOURNE,MEL,Melbourne - Terminals 1 2 and 3,Victoria,144.849892,-37.670539,2,normalised_exact,2016,2,12396220,12336383,24732603,4855000,4787586,9642586,17251220,17123969,34375189,191574,44672,236246,145.51,0.28051
MELBOURNE,MEL,Melbourne - Terminals 1 2 and 3,Victoria,144.849892,-37.670539,2,normalised_exact,2017,2,12636284,12599454,25235738,5210547,5113235,10323782,17846831,17712689,35559520,191737,46882,238619,149.02,0.29032
MELBOURNE,MEL,Melbourne - Terminals 1 2 and 3,Victoria,144.849892,-37.670539,2,normalised_exact,2018,2,12854246,12838499,25692745,5656022,5567862,11223884,18510268,18406361,36916629,190947,51866,242813,152.04,0.30403
MELBOURNE,MEL,Melbourne - Terminals 1 2 and 3,Victoria,144.849892,-37.670539,2,normalised_exact,2019,2,12918042,12897605,25815647,5698079,5620565,11318644,18616121,18518170,37134291,191043,52027,243070,152.77,0.3048
MELBOURNE,MEL,Melbourne - Terminals 1 2 and 3,Victoria,144.849892,-37.670539,2,normalised_exact,2020,2,3218946,3243995,6462941,1257366,1177085,2434451,4476312,4421080,8897392,62154,18477,80631,110.35,0.27361
MELBOURNE,MEL,Melbourne - Terminals 1 2 and 3,Victoria,144.849892,-37.670539,2,normalised_exact,2021,3,3391200,3372486,6763686,172458,224132,396590,3563658,3596618,7160276,78605,12674,91279,78.44,0.05539
MELBOURNE,MEL,Melbourne - Terminals 1 2 and 3,Victoria,144.849892,-37.670539,2,normalised_exact,2022,2,10152671,10157160,20309831,2763931,2643596,5407527,12916602,12800756,25717358,163978,29294,193272,133.06,0.21027
MELBOURNE,MEL,Melbourne - Terminals 1 2 and 3,Victoria,144.849892,-37.670539,2,normalised_exact,2023,2,11593257,11637346,23230603,5080815,4921144,10001959,16674072,16558490,33232562,182480,50398,232878,142.7,0.30097
MELBOURNE,MEL,Melbourne - Terminals 1 2 and 3,Victoria,144.849892,-37.670539,2,normalised_exact,2024,2,12006974,12017002,24023976,5799474,5696562,11496036,17806448,17713564,35520012,182890,55975,238865,148.7,0.32365
MELBOURNE,MEL,Melbourne - Terminals 1 2 and 3,Victoria,144.849892,-37.670539,2,normalised_exact,2025,2,12206909,12213836,24420745,6182182,6091147,12273329,18389091,18304983,36694074,180388,58208,238596,153.79,0.33448
PERTH,PER,Perth - Terminal 1,Western Australia,115.967458,-31.937159,2,normalised_exact,2015,4,4200070,4201462,8401532,2116736,2076097,4192833,6316806,6277559,12594365,73696,21708,95404,132.01,0.33291
PERTH,PER,Perth - Terminal 1,Western Australia,115.967458,-31.937159,2,normalised_exact,2016,4,4048286,4077200,8125486,2214255,2164920,4379175,6262541,6242120,12504661,71878,22735,94613,132.17,0.3502
PERTH,PER,Perth - Terminal 1,Western Australia,115.967458,-31.937159,2,normalised_exact,2017,4,3980722,4004343,7985065,2218252,2167215,4385467,6198974,6171558,12370532,69952,22307,92259,134.08,0.35451
PERTH,PER,Perth - Terminal 1,Western Australia,115.967458,-31.937159,2,normalised_exact,2018,4,4057776,4053972,8111748,2198586,2167385,4365971,6256362,6221357,12477719,70093,22772,92865,134.36,0.3499
PERTH,PER,Perth - Terminal 1,Western Australia,115.967458,-31.937159,2,normalised_exact,2019,4,4081844,4068492,8150336,2198754,2164426,4363180,6280598,6232918,12513516,70701,21680,92381,135.46,0.34868
PERTH,PER,Perth - Terminal 1,Western Australia,115.967458,-31.937159,2,normalised_exact,2020,4,1479942,1468036,2947978,523827,455133,978960,2003769,1923169,3926938,34505,7153,41658,94.27,0.24929
PERTH,PER,Perth - Terminal 1,Western Australia,115.967458,-31.937159,2,normalised_exact,2021,4,1937924,1915567,3853491,40897,49754,90651,1978821,1965321,3944142,47476,3793,51269,76.93,0.02298
PERTH,PER,Perth - Terminal 1,Western Australia,115.967458,-31.937159,2,normalised_exact,2022,4,3301689,3238056,6539745,930894,940109,1871003,4232583,4178165,8410748,57883,10211,68094,123.52,0.22245
PERTH,PER,Perth - Terminal 1,Western Australia,115.967458,-31.937159,2,normalised_exact,2023,4,4150662,4127979,8278641,1971249,1914587,3885836,6121911,6042566,12164477,69583,18824,88407,137.6,0.31944
PERTH,PER,Perth - Terminal 1,Western Australia,115.967458,-31.937159,2,normalised_exact,2024,4,4401244,4382027,8783271,2411623,2387403,4799026,6812867,6769430,13582297,75177,25114,100291,135.43,0.35333
PERTH,PER,Perth - Terminal 1,Western Australia,115.967458,-31.937159,2,normalised_exact,2025,4,4606790,4617342,9224132,2727041,2668027,5395068,7333831,7285369,14619200,77371,27545,104916,139.34,0.36904
SUNSHINE COAST,MCY,Sunshine Coast,Queensland,153.088812,-26.605268,1,normalised_exact,2023,10,922876,915978,1838854,6446,6337,12783,929322,922315,1851637,12713,96,12809,144.56,0.0069
SYDNEY,SYD,Sydney (Kingsford Smith) - Terminal 1,New South Wales,151.174714,-33.93431,3,normalised_exact,2015,1,12959388,12938231,25897619,6978460,6932768,13911228,19937848,19870999,39808847,242748,68453,311201,127.92,0.34945
SYDNEY,SYD,Sydney (Kingsford Smith) - Terminal 1,New South Wales,151.174714,-33.93431,3,normalised_exact,2016,1,13463437,13442507,26905944,7593690,7518287,15111977,21057127,20960794,42017921,245642,74374,320016,131.3,0.35966
SYDNEY,SYD,Sydney (Kingsford Smith) - Terminal 1,New South Wales,151.174714,-33.93431,3,normalised_exact,2017,1,13662784,13629090,27291874,8057732,7980454,16038186,21720516,21609544,43330060,242348,77925,320273,135.29,0.37014
SYDNEY,SYD,Sydney (Kingsford Smith) - Terminal 1,New South Wales,151.174714,-33.93431,3,normalised_exact,2018,1,13851080,13816193,27667273,8416205,8346280,16762485,22267285,22162473,44429758,239369,81207,320576,138.59,0.37728
SYDNEY,SYD,Sydney (Kingsford Smith) - Terminal 1,New South Wales,151.174714,-33.93431,3,normalised_exact,2019,1,13780056,13758348,27538404,8463522,8426919,16890441,22243578,22185267,44428845,242276,81868,324144,137.07,0.38017
SYDNEY,SYD,Sydney (Kingsford Smith) - Terminal 1,New South Wales,151.174714,-33.93431,3,normalised_exact,2020,1,3757763,3687017,7444780,1921734,1861178,3782912,5679497,5548195,11227692,85862,36113,121975,92.05,0.33693
SYDNEY,SYD,Sydney (Kingsford Smith) - Terminal 1,New South Wales,151.174714,-33.93431,3,normalised_exact,2021,1,3596082,3575677,7171759,320996,408533,729529,3917078,3984210,7901288,97266,27665,124931,63.25,0.09233
SYDNEY,SYD,Sydney (Kingsford Smith) - Terminal 1,New South Wales,151.174714,-33.93431,3,normalised_exact,2022,1,10452080,10420841,20872921,4140270,4043030,8183300,14592350,14463871,29056221,203000,49447,252447,115.1,0.28164
SYDNEY,SYD,Sydney (Kingsford Smith) - Terminal 1,New South Wales,151.174714,-33.93431,3,normalised_exact,2023,1,12054430,12024302,24078732,7397185,7241856,14639041,19451615,19266158,38717773,221177,74590,295767,130.91,0.3781
SYDNEY,SYD,Sydney (Kingsford Smith) - Terminal 1,New South Wales,151.174714,-33.93431,3,normalised_exact,2024,1,12546739,12510153,25056892,8231806,8171835,16403641,20778545,20681988,41460533,217619,80463,298082,139.09,0.39564
SYDNEY,SYD,Sydney (Kingsford Smith) - Terminal 1,New South Wales,151.174714,-33.93431,3,normalised_exact,2025,1,12667253,12641472,25308725,8675942,8581860,17257802,21343195,21223332,42566527,210719,82814,293533,145.01,0.40543
TOWNSVILLE,TSV,Townsville,Queensland,146.770627,-19.256245,1,normalised_exact,2020,10,381828,375214,757042,0,0,0,381828,375214,757042,15037,0,15037,50.35,0.0
TOWNSVILLE,TSV,Townsville,Queensland,146.770627,-19.256245,1,normalised_exact,2021,10,535608,538390,1073998,0,0,0,535608,538390,1073998,19489,0,19489,55.11,0.0
