route,point_order,passengers_2025,longitude,latitude
Melbourne - Sydney,0,8121167,144.849892,-37.670539
Melbourne - Sydney,1,8121167,151.174714,-33.93431
Brisbane - Sydney,0,4382963,153.115012,-27.394336
Brisbane - Sydney,1,4382963,151.174714,-33.93431
Brisbane - Melbourne,0,3646094,153.115012,-27.394336
Brisbane - Melbourne,1,3646094,144.849892,-37.670539
Gold Coast - Sydney,0,2527688,153.512467,-28.166038
Gold Coast - Sydney,1,2527688,151.174714,-33.93431
Adelaide - Melbourne,0,2395818,138.537544,-34.938622
Adelaide - Melbourne,1,2395818,144.849892,-37.670539
Gold Coast - Melbourne,0,2146910,144.849892,-37.670539
Gold Coast - Melbourne,1,2146910,153.512467,-28.166038
Melbourne - Perth,0,2109230,144.849892,-37.670539
Melbourne - Perth,1,2109230,115.967458,-31.937159
Adelaide - Sydney,0,1904858,138.537544,-34.938622
Adelaide - Sydney,1,1904858,151.174714,-33.93431
Perth - Sydney,0,1749314,115.967458,-31.937159
Perth - Sydney,1,1749314,151.174714,-33.93431
Hobart - Melbourne,0,1460515,147.505126,-42.836777
Hobart - Melbourne,1,1460515,144.849892,-37.670539
Brisbane - Cairns,0,1313044,153.115012,-27.394336
Brisbane - Cairns,1,1313044,145.754583,-16.874833
Brisbane - Perth,0,1140132,153.115012,-27.394336
Brisbane - Perth,1,1140132,115.967458,-31.937159
Brisbane - Townsville,0,990802,153.115012,-27.394336
Brisbane - Townsville,1,990802,146.770627,-19.256245
Canberra - Melbourne,0,979092,149.191085,-35.307482
Canberra - Melbourne,1,979092,144.849892,-37.670539
Cairns - Sydney,0,927134,145.754583,-16.874833
Cairns - Sydney,1,927134,151.174714,-33.93431
Launceston - Melbourne,0,898062,147.205617,-41.543393
Launceston - Melbourne,1,898062,144.849892,-37.670539
Cairns - Melbourne,0,878075,145.754583,-16.874833
Cairns - Melbourne,1,878075,144.849892,-37.670539
Adelaide - Brisbane,0,874879,138.537544,-34.938622
Adelaide - Brisbane,1,874879,153.115012,-27.394336
Hobart - Sydney,0,835132,147.505126,-42.836777
Hobart - Sydney,1,835132,151.174714,-33.93431
Brisbane - Mackay,0,822805,153.115012,-27.394336
Brisbane - Mackay,1,822805,149.181837,-21.176178
Sunshine Coast - Sydney,0,798793,153.088812,-26.605268
Sunshine Coast - Sydney,1,798793,151.174714,-33.93431
Melbourne - Sunshine Coast,0,760995,153.088812,-26.605268
Melbourne - Sunshine Coast,1,760995,144.849892,-37.670539
Adelaide - Perth,0,722476,138.537544,-34.938622
Adelaide - Perth,1,722476,115.967458,-31.937159
Karratha - Perth,0,687533,116.770071,-20.708567
Karratha - Perth,1,687533,115.967458,-31.937159
Brisbane - Canberra,0,651938,153.115012,-27.394336
Brisbane - Canberra,1,651938,149.191085,-35.307482
Canberra - Sydney,0,610685,149.191085,-35.307482
Canberra - Sydney,1,610685,151.174714,-33.93431
Brisbane - Rockhampton,0,604608,153.115012,-27.394336
Brisbane - Rockhampton,1,604608,150.478213,-23.378049
Brisbane - Newcastle,0,523935,153.115012,-27.394336
Brisbane - Newcastle,1,523935,151.83996,-32.804009
Perth - Port Hedland,0,487193,115.967458,-31.937159
Perth - Port Hedland,1,487193,118.631651,-20.378134
Melbourne - Newcastle,0,470642,144.849892,-37.670539
Melbourne - Newcastle,1,470642,151.83996,-32.804009
Ballina - Sydney,0,466916,153.556273,-28.837454
Ballina - Sydney,1,466916,151.174714,-33.93431
Newman - Perth,0,443084,115.967458,-31.937159
Newman - Perth,1,443084,119.801737,-23.416512
Kalgoorlie - Perth,0,396651,121.45802,-30.78547
Kalgoorlie - Perth,1,396651,115.967458,-31.937159
Broome - Perth,0,374285,122.23393,-17.952596
Broome - Perth,1,374285,115.967458,-31.937159
Brisbane - Darwin,0,359809,153.115012,-27.394336
Brisbane - Darwin,1,359809,130.877402,-12.408088
Launceston - Sydney,0,354719,147.205617,-41.543393
Launceston - Sydney,1,354719,151.174714,-33.93431
Brisbane - Hobart,0,321711,153.115012,-27.394336
Brisbane - Hobart,1,321711,147.505126,-42.836777
Brisbane - Proserpine,0,294321,153.115012,-27.394336
Brisbane - Proserpine,1,294321,148.551861,-20.48919
Darwin - Melbourne,0,292654,130.877402,-12.408088
Darwin - Melbourne,1,292654,144.849892,-37.670539
Adelaide - Gold Coast,0,277840,138.537544,-34.938622
Adelaide - Gold Coast,1,277840,153.512467,-28.166038
Hamilton Island - Sydney,0,251646,148.948958,-20.3518
Hamilton Island - Sydney,1,251646,151.174714,-33.93431
Brisbane - Gladstone,0,218139,153.115012,-27.394336
Brisbane - Gladstone,1,218139,151.223797,-23.871397
Coffs Harbour - Sydney,0,200522,153.115683,-30.322966
Coffs Harbour - Sydney,1,200522,151.174714,-33.93431
Adelaide - Canberra,0,196554,138.537544,-34.938622
Adelaide - Canberra,1,196554,149.191085,-35.307482
Darwin - Perth,0,192008,130.877402,-12.408088
Darwin - Perth,1,192008,115.967458,-31.937159
Brisbane - Emerald,0,189843,153.115012,-27.394336
Brisbane - Emerald,1,189843,148.174571,-23.568855
Canberra - Gold Coast,0,177857,149.191085,-35.307482
Canberra - Gold Coast,1,177857,153.512467,-28.166038
Dubbo - Sydney,0,173275,148.569971,-32.218733
Dubbo - Sydney,1,173275,151.174714,-33.93431
Brisbane - Hamilton Island,0,168731,153.115012,-27.394336
Brisbane - Hamilton Island,1,168731,148.948958,-20.3518
Sydney - Wagga Wagga,0,168224,151.174714,-33.93431
Sydney - Wagga Wagga,1,168224,147.461988,-35.159135
Adelaide - Port Lincoln,0,167463,138.537544,-34.938622
Adelaide - Port Lincoln,1,167463,135.874556,-34.603336
Port Macquarie - Sydney,0,166595,152.867267,-31.431309
Port Macquarie - Sydney,1,166595,151.174714,-33.93431
Albury - Sydney,0,155808,146.954549,-36.069329
Albury - Sydney,1,155808,151.174714,-33.93431
Melbourne - Mildura,0,152365,144.849892,-37.670539
Melbourne - Mildura,1,152365,142.084637,-34.230654
Brisbane - Launceston,0,151500,153.115012,-27.394336
Brisbane - Launceston,1,151500,147.205617,-41.543393
Brisbane - Mount Isa,0,150887,153.115012,-27.394336
Brisbane - Mount Isa,1,150887,139.491456,-20.667787
Devonport - Melbourne,0,148761,146.427648,-41.171854
Devonport - Melbourne,1,148761,144.849892,-37.670539
Brisbane - Bundaberg,0,139694,152.321293,-24.898821
Brisbane - Bundaberg,1,139694,153.115012,-27.394336
Geraldton - Perth,0,121934,114.702432,-28.796043
Geraldton - Perth,1,121934,115.967458,-31.937159
Ayers Rock - Melbourne,0,112805,130.976729,-25.190777
Ayers Rock - Melbourne,1,112805,144.849892,-37.670539
Adelaide - Alice Springs,0,103510,138.537544,-34.938622
Adelaide - Alice Springs,1,103510,133.903062,-23.801906
