route,origin_code,destination_code,passengers_2025,origin_longitude,origin_latitude,destination_longitude,destination_latitude
Melbourne - Sydney,MEL,SYD,8121167,144.849892,-37.670539,151.174714,-33.93431
Brisbane - Sydney,BNE,SYD,4382963,153.115012,-27.394336,151.174714,-33.93431
Brisbane - Melbourne,BNE,MEL,3646094,153.115012,-27.394336,144.849892,-37.670539
Gold Coast - Sydney,OOL,SYD,2527688,153.512467,-28.166038,151.174714,-33.93431
Adelaide - Melbourne,ADL,MEL,2395818,138.537544,-34.938622,144.849892,-37.670539
Gold Coast - Melbourne,MEL,OOL,2146910,144.849892,-37.670539,153.512467,-28.166038
Melbourne - Perth,MEL,PER,2109230,144.849892,-37.670539,115.967458,-31.937159
Adelaide - Sydney,ADL,SYD,1904858,138.537544,-34.938622,151.174714,-33.93431
Perth - Sydney,PER,SYD,1749314,115.967458,-31.937159,151.174714,-33.93431
Hobart - Melbourne,HBA,MEL,1460515,147.505126,-42.836777,144.849892,-37.670539
Brisbane - Cairns,BNE,CNS,1313044,153.115012,-27.394336,145.754583,-16.874833
Brisbane - Perth,BNE,PER,1140132,153.115012,-27.394336,115.967458,-31.937159
Brisbane - Townsville,BNE,TSV,990802,153.115012,-27.394336,146.770627,-19.256245
Canberra - Melbourne,CBR,MEL,979092,149.191085,-35.307482,144.849892,-37.670539
Cairns - Sydney,CNS,SYD,927134,145.754583,-16.874833,151.174714,-33.93431
Launceston - Melbourne,LST,MEL,898062,147.205617,-41.543393,144.849892,-37.670539
Cairns - Melbourne,CNS,MEL,878075,145.754583,-16.874833,144.849892,-37.670539
Adelaide - Brisbane,ADL,BNE,874879,138.537544,-34.938622,153.115012,-27.394336
Hobart - Sydney,HBA,SYD,835132,147.505126,-42.836777,151.174714,-33.93431
Brisbane - Mackay,BNE,MKY,822805,153.115012,-27.394336,149.181837,-21.176178
Sunshine Coast - Sydney,MCY,SYD,798793,153.088812,-26.605268,151.174714,-33.93431
Melbourne - Sunshine Coast,MCY,MEL,760995,153.088812,-26.605268,144.849892,-37.670539
Adelaide - Perth,ADL,PER,722476,138.537544,-34.938622,115.967458,-31.937159
Karratha - Perth,KTA,PER,687533,116.770071,-20.708567,115.967458,-31.937159
Brisbane - Canberra,BNE,CBR,651938,153.115012,-27.394336,149.191085,-35.307482
Canberra - Sydney,CBR,SYD,610685,149.191085,-35.307482,151.174714,-33.93431
Brisbane - Rockhampton,BNE,ROK,604608,153.115012,-27.394336,150.478213,-23.378049
Brisbane - Newcastle,BNE,NTL,523935,153.115012,-27.394336,151.83996,-32.804009
Perth - Port Hedland,PER,PHE,487193,115.967458,-31.937159,118.631651,-20.378134
Melbourne - Newcastle,MEL,NTL,470642,144.849892,-37.670539,151.83996,-32.804009
Ballina - Sydney,QNA,SYD,466916,153.556273,-28.837454,151.174714,-33.93431
Newman - Perth,PER,ZNE,443084,115.967458,-31.937159,119.801737,-23.416512
Kalgoorlie - Perth,KGI,PER,396651,121.45802,-30.78547,115.967458,-31.937159
Broome - Perth,BME,PER,374285,122.23393,-17.952596,115.967458,-31.937159
Brisbane - Darwin,BNE,DRW,359809,153.115012,-27.394336,130.877402,-12.408088
Launceston - Sydney,LST,SYD,354719,147.205617,-41.543393,151.174714,-33.93431
Brisbane - Hobart,BNE,HBA,321711,153.115012,-27.394336,147.505126,-42.836777
Brisbane - Proserpine,BNE,PPP,294321,153.115012,-27.394336,148.551861,-20.48919
Darwin - Melbourne,DRW,MEL,292654,130.877402,-12.408088,144.849892,-37.670539
Adelaide - Gold Coast,ADL,OOL,277840,138.537544,-34.938622,153.512467,-28.166038
Hamilton Island - Sydney,HTI,SYD,251646,148.948958,-20.3518,151.174714,-33.93431
Brisbane - Gladstone,BNE,GLT,218139,153.115012,-27.394336,151.223797,-23.871397
Coffs Harbour - Sydney,CFS,SYD,200522,153.115683,-30.322966,151.174714,-33.93431
Adelaide - Canberra,ADL,CBR,196554,138.537544,-34.938622,149.191085,-35.307482
Darwin - Perth,DRW,PER,192008,130.877402,-12.408088,115.967458,-31.937159
Brisbane - Emerald,BNE,EMD,189843,153.115012,-27.394336,148.174571,-23.568855
Canberra - Gold Coast,CBR,OOL,177857,149.191085,-35.307482,153.512467,-28.166038
Dubbo - Sydney,DBO,SYD,173275,148.569971,-32.218733,151.174714,-33.93431
Brisbane - Hamilton Island,BNE,HTI,168731,153.115012,-27.394336,148.948958,-20.3518
Sydney - Wagga Wagga,SYD,WGA,168224,151.174714,-33.93431,147.461988,-35.159135
Adelaide - Port Lincoln,ADL,PLO,167463,138.537544,-34.938622,135.874556,-34.603336
Port Macquarie - Sydney,PQQ,SYD,166595,152.867267,-31.431309,151.174714,-33.93431
Albury - Sydney,ABX,SYD,155808,146.954549,-36.069329,151.174714,-33.93431
Melbourne - Mildura,MEL,MQL,152365,144.849892,-37.670539,142.084637,-34.230654
Brisbane - Launceston,BNE,LST,151500,153.115012,-27.394336,147.205617,-41.543393
Brisbane - Mount Isa,BNE,ISA,150887,153.115012,-27.394336,139.491456,-20.667787
Devonport - Melbourne,DPO,MEL,148761,146.427648,-41.171854,144.849892,-37.670539
Brisbane - Bundaberg,BDB,BNE,139694,152.321293,-24.898821,153.115012,-27.394336
Geraldton - Perth,GET,PER,121934,114.702432,-28.796043,115.967458,-31.937159
Ayers Rock - Melbourne,AYQ,MEL,112805,130.976729,-25.190777,144.849892,-37.670539
Adelaide - Alice Springs,ADL,ASP,103510,138.537544,-34.938622,133.903062,-23.801906
