route,month,pre_covid_average,recovery_average,recovery_percent,passengers_2025
Adelaide - Melbourne,1,192484.2,185619.0,-3.57,2395818
Adelaide - Melbourne,2,187056.2,180150.0,-3.69,2395818
Adelaide - Melbourne,3,214487.4,206962.33,-3.51,2395818
Adelaide - Melbourne,4,208941.2,201449.67,-3.59,2395818
Adelaide - Melbourne,5,197009.0,192096.67,-2.49,2395818
Adelaide - Melbourne,6,187059.4,177736.33,-4.98,2395818
Adelaide - Melbourne,7,215039.0,193655.0,-9.94,2395818
Adelaide - Melbourne,8,199457.2,192904.0,-3.29,2395818
Adelaide - Melbourne,9,199793.4,189865.0,-4.97,2395818
Adelaide - Melbourne,10,219015.6,209113.33,-4.52,2395818
Adelaide - Melbourne,11,212185.4,208744.0,-1.62,2395818
Adelaide - Melbourne,12,206976.8,198671.67,-4.01,2395818
Adelaide - Sydney,1,160194.8,148049.67,-7.58,1904858
Adelaide - Sydney,2,143451.6,135635.33,-5.45,1904858
Adelaide - Sydney,3,167906.8,159632.0,-4.93,1904858
Adelaide - Sydney,4,162168.6,161158.67,-0.62,1904858
Adelaide - Sydney,5,148267.6,144899.67,-2.27,1904858
Adelaide - Sydney,6,136767.0,134455.0,-1.69,1904858
Adelaide - Sydney,7,157824.6,153540.33,-2.71,1904858
Adelaide - Sydney,8,147191.0,144657.67,-1.72,1904858
Adelaide - Sydney,9,152298.0,153302.0,0.66,1904858
Adelaide - Sydney,10,170983.6,175534.33,2.66,1904858
Adelaide - Sydney,11,164837.0,166399.0,0.95,1904858
Adelaide - Sydney,12,165531.8,166698.0,0.7,1904858
Brisbane - Melbourne,1,287385.8,275661.67,-4.08,3646094
Brisbane - Melbourne,2,247017.0,247616.33,0.24,3646094
Brisbane - Melbourne,3,291362.6,277809.0,-4.65,3646094
Brisbane - Melbourne,4,286506.8,287818.0,0.46,3646094
Brisbane - Melbourne,5,269922.8,276320.67,2.37,3646094
Brisbane - Melbourne,6,274446.8,278047.0,1.31,3646094
Brisbane - Melbourne,7,322672.4,307803.0,-4.61,3646094
Brisbane - Melbourne,8,292525.4,294838.67,0.79,3646094
Brisbane - Melbourne,9,305792.6,311094.0,1.73,3646094
Brisbane - Melbourne,10,322055.6,319883.0,-0.67,3646094
Brisbane - Melbourne,11,305102.8,305395.67,0.1,3646094
Brisbane - Melbourne,12,308431.0,303447.67,-1.62,3646094
Brisbane - Sydney,1,361932.8,319413.67,-11.75,4382963
Brisbane - Sydney,2,349316.6,326411.0,-6.56,4382963
Brisbane - Sydney,3,396557.8,352645.33,-11.07,4382963
Brisbane - Sydney,4,383872.0,348596.33,-9.19,4382963
Brisbane - Sydney,5,382123.2,357591.33,-6.42,4382963
Brisbane - Sydney,6,373398.2,348717.67,-6.61,4382963
Brisbane - Sydney,7,423412.8,382090.67,-9.76,4382963
Brisbane - Sydney,8,400050.4,369501.67,-7.64,4382963
Brisbane - Sydney,9,399352.6,368994.0,-7.6,4382963
Brisbane - Sydney,10,420505.4,400091.67,-4.85,4382963
Brisbane - Sydney,11,407593.6,384834.0,-5.58,4382963
Brisbane - Sydney,12,407252.0,371752.67,-8.72,4382963
Hobart - Melbourne,1,155475.8,136561.0,-12.17,1460515
Hobart - Melbourne,2,134918.6,113583.67,-15.81,1460515
Hobart - Melbourne,3,144818.0,121932.67,-15.8,1460515
Hobart - Melbourne,4,134750.8,114889.33,-14.74,1460515
Hobart - Melbourne,5,118724.8,104795.67,-11.73,1460515
Hobart - Melbourne,6,116896.0,99699.33,-14.71,1460515
Hobart - Melbourne,7,126802.0,109531.33,-13.62,1460515
Hobart - Melbourne,8,117410.8,102504.33,-12.7,1460515
Hobart - Melbourne,9,120801.8,104240.67,-13.71,1460515
Hobart - Melbourne,10,136139.4,114979.33,-15.54,1460515
Hobart - Melbourne,11,139313.0,118550.67,-14.9,1460515
Hobart - Melbourne,12,154370.2,134860.0,-12.64,1460515
Gold Coast - Melbourne,1,193378.4,223968.33,15.82,2146910
Gold Coast - Melbourne,2,134787.8,158047.67,17.26,2146910
Gold Coast - Melbourne,3,154028.6,164793.0,6.99,2146910
Gold Coast - Melbourne,4,163851.4,185787.0,13.39,2146910
Gold Coast - Melbourne,5,139691.8,155752.0,11.5,2146910
Gold Coast - Melbourne,6,146567.6,159214.67,8.63,2146910
Gold Coast - Melbourne,7,180421.0,192973.0,6.96,2146910
Gold Coast - Melbourne,8,165980.0,167470.33,0.9,2146910
Gold Coast - Melbourne,9,178628.2,186609.0,4.47,2146910
Gold Coast - Melbourne,10,187526.2,196064.0,4.55,2146910
Gold Coast - Melbourne,12,182752.0,210979.0,15.45,2146910
Melbourne - Perth,1,190999.6,179559.33,-5.99,2109230
Melbourne - Perth,2,152638.8,147680.67,-3.25,2109230
Melbourne - Perth,3,178521.4,169317.33,-5.16,2109230
Melbourne - Perth,4,178554.0,171006.67,-4.23,2109230
Melbourne - Perth,5,159738.6,155668.0,-2.55,2109230
Melbourne - Perth,6,153534.6,145627.33,-5.15,2109230
Melbourne - Perth,7,183978.2,172551.0,-6.21,2109230
Melbourne - Perth,8,162714.4,156803.0,-3.63,2109230
Melbourne - Perth,9,171073.2,164928.0,-3.59,2109230
Melbourne - Perth,10,188077.0,184685.67,-1.8,2109230
Melbourne - Perth,11,177986.2,181621.33,2.04,2109230
Melbourne - Perth,12,195858.4,189090.0,-3.46,2109230
Melbourne - Sydney,1,713494.0,631464.0,-11.5,8121167
Melbourne - Sydney,2,728808.2,627616.67,-13.88,8121167
Melbourne - Sydney,3,798384.6,707456.0,-11.39,8121167
Melbourne - Sydney,4,729423.4,642164.0,-11.96,8121167
Melbourne - Sydney,5,740174.2,650908.67,-12.06,8121167
Melbourne - Sydney,6,700191.0,610582.67,-12.8,8121167
Melbourne - Sydney,7,762443.0,656199.67,-13.93,8121167
Melbourne - Sydney,8,751796.0,660680.33,-12.12,8121167
Melbourne - Sydney,9,737001.2,654303.0,-11.22,8121167
Melbourne - Sydney,10,799781.4,720127.67,-9.96,8121167
Melbourne - Sydney,11,800749.2,701738.0,-12.36,8121167
Melbourne - Sydney,12,745178.8,665115.0,-10.74,8121167
Gold Coast - Sydney,1,262378.4,235465.67,-10.26,2527688
Gold Coast - Sydney,2,204546.6,180869.67,-11.58,2527688
Gold Coast - Sydney,3,221547.0,187192.0,-15.51,2527688
Gold Coast - Sydney,4,229730.4,210921.0,-8.19,2527688
Gold Coast - Sydney,5,202212.6,196239.0,-2.95,2527688
Gold Coast - Sydney,6,194597.4,189799.67,-2.47,2527688
Gold Coast - Sydney,7,231763.4,220625.33,-4.81,2527688
Gold Coast - Sydney,8,211858.0,203815.67,-3.8,2527688
Gold Coast - Sydney,9,225836.8,213813.33,-5.32,2527688
Gold Coast - Sydney,10,245240.4,228879.67,-6.67,2527688
Gold Coast - Sydney,11,228510.4,207417.0,-9.23,2527688
Gold Coast - Sydney,12,245676.6,225743.0,-8.11,2527688
Perth - Sydney,1,155782.2,144396.33,-7.31,1749314
Perth - Sydney,2,129061.2,122299.67,-5.24,1749314
Perth - Sydney,3,147792.0,138092.67,-6.56,1749314
Perth - Sydney,4,147520.0,138507.33,-6.11,1749314
Perth - Sydney,5,134961.6,128915.33,-4.48,1749314
Perth - Sydney,6,127399.6,120295.67,-5.58,1749314
Perth - Sydney,7,148747.0,138334.33,-7.0,1749314
Perth - Sydney,8,135651.6,131320.67,-3.19,1749314
Perth - Sydney,9,141904.4,141188.0,-0.5,1749314
Perth - Sydney,10,153031.6,153643.0,0.4,1749314
Perth - Sydney,11,146915.8,147554.33,0.43,1749314
Perth - Sydney,12,159260.6,153951.33,-3.33,1749314
