route,point_order,passengers_2025,longitude,latitude
Melbourne - Sydney,0,8121167,144.849892,-37.670539
Melbourne - Sydney,1,8121167,148.012303,-34.7024245
Melbourne - Sydney,2,8121167,151.174714,-33.93431
Brisbane - Sydney,0,4382963,153.115012,-27.394336
Brisbane - Sydney,1,4382963,152.144863,-29.564323
Brisbane - Sydney,2,4382963,151.174714,-33.93431
Brisbane - Melbourne,0,3646094,153.115012,-27.394336
Brisbane - Melbourne,1,3646094,148.982452,-31.4324375
Brisbane - Melbourne,2,3646094,144.849892,-37.670539
Gold Coast - Sydney,0,2527688,153.512467,-28.166038
Gold Coast - Sydney,1,2527688,152.3435905,-29.950174
Gold Coast - Sydney,2,2527688,151.174714,-33.93431
Adelaide - Melbourne,0,2395818,138.537544,-34.938622
Adelaide - Melbourne,1,2395818,141.693718,-35.2045805
Adelaide - Melbourne,2,2395818,144.849892,-37.670539
Gold Coast - Melbourne,0,2146910,144.849892,-37.670539
Gold Coast - Melbourne,1,2146910,149.1811795,-31.8182885
Gold Coast - Melbourne,2,2146910,153.512467,-28.166038
Melbourne - Perth,0,2109230,144.849892,-37.670539
Melbourne - Perth,1,2109230,130.408675,-32.20442994
Melbourne - Perth,2,2109230,115.967458,-31.937159
Adelaide - Sydney,0,1904858,138.537544,-34.938622
Adelaide - Sydney,1,1904858,144.856129,-33.2991207
Adelaide - Sydney,2,1904858,151.174714,-33.93431
Perth - Sydney,0,1749314,115.967458,-31.937159
Perth - Sydney,1,1749314,133.571086,-29.76708146
Perth - Sydney,2,1749314,151.174714,-33.93431
Hobart - Melbourne,0,1460515,147.505126,-42.836777
Hobart - Melbourne,1,1460515,146.177509,-39.153658
Hobart - Melbourne,2,1460515,144.849892,-37.670539
